Key,Description,Standard,ES
SAY.Tutorial and First Room.3.,,"Hello Dungeon Hunter, What is your name?","Hola cazador de Calabozos, ¿Cual es tu nombre?"
SAY.Tutorial and First Room.9.,,Welcome: {$PlayerName},Bienvenido: {$PlayerName}
SAY.Tutorial and First Room.16.,,"Welcome to the dungeon, in this induction tutorial I will share the knowledge necessary to survive (or at least try), the dangers that lie ahead in the dungeon.","Bienvenido al calabozo, en este tutorial de inducción te compartiré el conocimiento necesario para sobrevivir (o intentarlo al menos), a los peligros que se avecinan en el calabozo. "
SAY.Tutorial and First Room.17.,,"First of all, the weapons that you will choose will help you to face the horrible creatures that were in the dungeon, but there will be other obstacles that will appear throughout your trip, to avoid them you will need to use the magic.","Primero que nada las armas que elegirás te servirán para afrontar a las horribles criaturas que yacen en el calabozo, pero habrá otros obstáculos que se te presentarán a lo largo de tu viaje, para lograr eludirlos necesitaras usar las magias."
SAY.Tutorial and First Room.18.,,"It is also important the combination of weapons and magic spells, for the construction of your skills.",También es importante que entiendas que dependiendo de las armas y magias que elijas podrás combinarlas para realizar obtener diferentes habilidades. 
SAY.Tutorial and First Room.19.,,"This combination left you create new skills, and access new powers. You can also add more than just one weapon or one magic spells.",Esta combinación te permite crear nuevas habilidades y acceder a nuevos poderes. También puedes agregar más de un arma o un hechizo mágico. 
SAY.Tutorial and First Room.20.,,"The more advances in the dungeon, you can adquire rewards to move forward in your journey, among these rewards you will find items, power ups, and new skills.","Entre más avances en el dungeon, podrás adquirir recompensas para seguir adelante en tu travesía, entre estas recompensas encontraras items, power ups, y nuevas habilidades. "
SAY.Tutorial and First Room.21.,,Now choose you weapon:,Ahora elige tu arma: 
MENU.Tutorial and First Room.25,,Hammer,Martillo
MENU.Tutorial and First Room.26,,Shield & Axe,Escudo y hacha
MENU.Tutorial and First Room.27,,Blade,Espadas
MENU.Tutorial and First Room.28,,Blow & Arrow,Arco y flechas
MENU.Tutorial and First Room.29,,Spell Staff,Báculo Magico
SAY.Tutorial and First Room.72.,,"Remember, your weapon can combine with the magic you choose next.","Recuerda, tu arma puede combinarse con las habilidades mágicas que elegiste. "
SAY.Tutorial and First Room.73.,,"Good, Now.\nChose your magic.","Bien, Ahora. \nElige tus habilidades mágicas: "
MENU.Tutorial and First Room.74,,Thunder,Trueno
MENU.Tutorial and First Room.75,,Rocks,Rocas
MENU.Tutorial and First Room.76,,Fire,Fuego
MENU.Tutorial and First Room.77,,Wind,Viento
MENU.Tutorial and First Room.78,,Water,Agua
SAY.Tutorial and First Room.80.,,"The magic force of the storm resounds in the sky with a deafening roar, the roar of the gods unleashing their fury from the sky. Like drums of war that when the combat is falling down making the earth tremble, so is the power of Thunder.","La fuerza mágica de la tormenta resuena en el cielo con un rugido ensordecedor, un devastador grito de furia  que cae desde los cielos. Al igual que los tambores de guerra resuenan llamando al combate, haciendo temblar la tierra, también lo hace el poder del TRUENO."
SAY.Tutorial and First Room.90.,,"The power of the earth, unbeatable and immovable as your will, uses its unbreakable spirit to overcome all adversities on your way to conquer the dungeon. become part of your enemies with the power of the EARTH.","Imbatible e inamovible, como tu voluntad, usa su inquebrantable espíritu para superar todas las adversidades en tu camino por conquistar el calabozo, Devora a tus enemigos con el poder de la TIERRA."
SAY.Tutorial and First Room.100.,,"
Start small with a small spark, but let it feed and become unstoppable, your hunger consumes everything up to it, the insatiable power of FIRE.","Inicia pequeño con una pequeña chispa,pero deja que se alimente y se volverá imparable, su hambre todo lo consume  hasta el mismo, el insaciable poder del FUEGO. "
SAY.Tutorial and First Room.110.,,"blow as a tender caress or roar like a hurricane sweeping everything in your path, reduce your obstacles to debris with the power of the WIND.","Sopla como una tierna caricia o ruge como un huracán arrasando todo a tu paso, reduce a escombros tus obstáculos con el poder del VIENTO. "
SAY.Tutorial and First Room.120.,,"Sacred giver of life, revitalize and heal with your purity or destroy everything with your anger, from heaven you fall turning into hell with your stormy power, undeck the dungeon under your control with the power of WATER.","Sagrada dadora de vida, revitaliza y sana con tu pureza o arrasa con todo con tu cólera, desde el cielo caes convirtiendo en infierno con tu poder tormentoso, hunde al calabozo bajo tu dominio con el poder del AGUA. "
SAY.Tutorial and First Room.130.,,Now This is your Character stats.,Ahora estas son las estadísticas de tu personaje. 
WRITE.Tutorial and First Room.133,,{$PlayerName},{$PlayerName}
WRITE.Tutorial and First Room.134,,{$Life},{$Life}
WRITE.Tutorial and First Room.135,,{$Mana},{$Mana}
WRITE.Tutorial and First Room.136,,{$Strength},{$Strength}
WRITE.Tutorial and First Room.137,,{$Defense},{$Defense}
WRITE.Tutorial and First Room.138,,{$Dexterity},{$Dexterity}
WRITE.Tutorial and First Room.139,,{$Agility},{$Agility}
WRITE.Tutorial and First Room.140,,{$Intelligence},{$Intelligence}
SAY.Tutorial and First Room.145.,,Now welcome to the first room of the dungeon.,"Ahora, bienvenido al primer cuarto del calabozo."
SAY.Tutorial and First Room.146.,,"
On the dark path that lies in front of you, you walk forward to the dark sight of the unknown, without hesitation, without title, without looking back.","En el sendero oscuro que yace frente a ti, caminas de frente hacia el oscuro abismo de lo desconocido, sin dudar, sin titubear, sin mirar atrás."
SAY.Tutorial and First Room.147.,,"
As you advance along the path, the light becomes more absent, you can barely see your hands in front of you, yet you still feel something close to you, a thirst for blood so great that even the darkness of this void can not hide it.","Mientras más avanzas, la luz empieza  a volverse escasa, apenas puedes ver tus manos frente a ti. Pronto sientes algo cerca de ti, una sed de sangre tan gigantesca que ni la oscuridad que te rodea puede ocultarla. "
SAY.Tutorial and First Room.148.,,"Emerge from the darkness with rapid and devastating onslaught, a minotaur that seeks to finish you.","Emerge desde la oscuridad, con una rápida y furiosa embestida un minotauro que busca acabar contigo. "
SAY.Tutorial and First Room.149.,,The minotaur lunged at you.,El minotauro se lanza por ti.
SAY.Tutorial and First Room.150.,,Choose,Elige: 
MENU.Tutorial and First Room.151,,Stop the Attack,Detener su ataque 
MENU.Tutorial and First Room.152,,Dodge it,Esquivarlo 
SAY.Tutorial and First Room.155.,,"
Well done, you managed to evade the attack.","Bien hecho, haz logrado evadir el ataque. "
SAY.Tutorial and First Room.156.,,Now Choose:,Ahora elige: 
MENU.Tutorial and First Room.157,,Counter Attack,Contra ataque
MENU.Tutorial and First Room.158,,Run,Correr
MENU.Tutorial and First Room.159,,Cast Spell,Lanzar hechizo
SAY.Tutorial and First Room.394.,,"
The minotaur attacks with fury, you try to evade the attack but you are not agile enough, so you end up being pierced by the minotaur's horns.","El minotauro embiste con furia, tratas de evadir el ataque pero no eres lo suficientemente agil, asi que terminas siendo atravesado por los cuernos del minotauro."
SAY.Tutorial and First Room.165.,,Your counter Attack was brutal.,Tu contra ataque es brutal. 
SAY.Tutorial and First Room.166.,,"The beast was wounded, but still stands.","La bestia está herida, pero aun prevalece "
SAY.Tutorial and First Room.167.,,"You have to do something quickly,\nChoose:","Tienes que hacer algo rápido, \n Elige: "
MENU.Tutorial and First Room.168,,Continue Figthing,Continuar Peleando. 
MENU.Tutorial and First Room.169,,Run,Huir
SAY.Tutorial and First Room.171.,,"Your attack was direct, but you do not have enough strength to cause serious damage.","Tu ataque fue directo, lamentablemente no tienes suficiente fuerza para causarle daño al minotauro. "
SAY.Tutorial and First Room.172.,,"
Now you're in trouble, choose:","Ahora estás en problemas, elige: "
MENU.Tutorial and First Room.173,,Run,Escapar del minotauro. 
MENU.Tutorial and First Room.174,,Cast Spell,Lanzar un Hechizo 
SAY.Tutorial and First Room.179.,,"
Prepare your hammer to deliver the final blow, the minotaur desperately avalances against you.","Preparas tu martillo para el golpe final, el minotauro desesperado se abalanza sobre ti. "
SAY.Tutorial and First Room.180.,,"
You wait patiently for it to approach you, hammering backwards with its metal head touching the ground.","Esperas pacientemente su aproximación, preparas tu martillo cargándolo hacia atrás con la punta metálica tocando el suelo."
SAY.Tutorial and First Room.181.,,"As soon as the minotaur is close enough, you turn your body throwing the hammer with a striking blow, which destroys the minotaur's chin by assassinating him instantly.","Tan pronto como el minotauro está lo suficientemente cerca, cargas tu cuerpo hacia adelante haciendo que el martillo conecte un devastador golpe que destruye la quijada del minotauro y lo asesina al instante. "
SAY.Tutorial and First Room.186.,,"
The minotaur is paralyzed after the great counter attack, With rage you rush with your shield in front of you.","El minotauro queda paralizado después de tu contraataque, con furia te lanzas con tu escudo por delante. "
SAY.Tutorial and First Room.187.,,"You hit the minotaur with force by dragging him against a wall, the blow is so strong that a crack is made in the wall.","Golpeas al minotauro con mucha fuerza haciéndolo  impactar contra la pared, el golpe es tan fuerte que abre una brecha en la pared. "
SAY.Tutorial and First Room.188.,,"After impacting the minotaur against the wall, it collapses to the ground, dazed and confused at your mercy, you decide to end the fight.","Después de haber impactado al minotauro contra la pared, este se desploma en el piso, cansado y confundido el minotauro se queda a tu merced, decidiendo dar fin a su vida. "
SAY.Tutorial and First Room.189.,,"You take your ax between your hands, raising it strongly to strike the final blow, that is how the head of the beast parts in two.","Tomas tu hacha entre tus manos, la levantas con fuerza para asestar el golpe de gracia, así es como la cabeza del minotauro se parte en dos por tu hacha."
SAY.Tutorial and First Room.193.,,"You try to strike a strong blow with your axe, however the minotaur manages to react hitting you hard.","Intentas dar un fuerte golpe con tu hacha, sin embargo, el minotauro logra reaccionar y te golpea con fuerza."
SAY.Tutorial and First Room.194.,,"The minotaur rushes furiously against you, you try to stop him with your shield but the minotaur is very strong, splitting your shield and killing you in the process.","El minotauro se lanza furioso contra ti, tratas de detenerlo con tu escudo, pero el minotauro es muy fuerte, divide tu escudo y te mata en el proceso. "
SAY.Tutorial and First Room.199.,,"At the moment the minotaur is affected by your counter attack, you rush to him in search of the final blow.","En este momento el minotauro se queda herido por tu contraataque, tu te lanzas contra la bestia buscando acabar con el. "
SAY.Tutorial and First Room.200.,,"The minotaur tries to connect you a blow to avoid your offensive, but the eludacy very easily slipping under your legs.","El minotauro intenta darte un golpe para contener tu ofensiva, pero lo esquivas muy rápido deslizándote entre sus piernas. "
SAY.Tutorial and First Room.201.,,"While you slide the minotaur's legs short, causing him to kneel.\n
In a short moment the back of the beast, which causes it to turn furious trying to attack you.","Mientras te deslizas debajo de las piernas del minotauro, aprovechas para herirlo en estas. Provocando que este se quede de rodillas. En un instante estás detrás de la bestia, furiosa intenta girar para atacarte. "
SAY.Tutorial and First Room.202.,,"
By dodging the attack of the beast with a leap, you throw a brutal thrust at the minotaur's throat. ","Al esquivar el ataque de la bestia con un salto, lanzas un brutal empuje a la garganta del minotauro."
SAY.Tutorial and First Room.203.,,"
Finally with the minotaur already lying on the floor, you wave your sword to strike the final blow on the chest of the beast, thus leaving his body inert.","Finalmente, con el minotauro ya tendido en el suelo, agitas tu espada para asestar el golpe final en el pecho de la bestia, dejando su cuerpo inerte. "
SAY.Tutorial and First Room.207.,,"You launch yourself on the minotaur to deliver the final blow, but while looking to strike your sword, the minotaur catches your sword with his hand.","Te lanzas sobre el minotauro para dar el golpe final, pero mientras intentas golpearlo con tu espada, el minotauro atrapa tu espada con la mano."
SAY.Tutorial and First Room.208.,,"The minotaur throws you into the sky using his bestial force and as you fall, you are looking for a final move to kill the monster.","El minotauro te lanza en el cielo usando su bestial fuerza, mientras caes te preparas para buscar un golpe final al minotauro. "
SAY.Tutorial and First Room.210.,,"You fall precipitously but you are determined to kill the beast, you prepare to strike a decisive blow, but the beast is strong and does not give up without fighting, just as you prepare to give a powerful blow with your horns.","Caes precipitadamente pero estas determinado a matar a la bestia, te preparas para dar el golpe decisivo, pero la bestia es fuerte y no sedera sin dar pelea, al igual que tu se prepara para dar un golpe final con sus cuernos. "
SAY.Tutorial and First Room.211.,,"While you are holding your sword tightly, you squeeze your fingers, your pupils contract, before the final blow. And it is like that in the furgor of the battle that the flame of your life is extinguished, with the horns of the minotaur piercing your heart.","Mientras sostienes la espada con fuerza, aprietas los dedos y tus pupilas se contraen antes del golpe final. Y es así como en el calor de la batalla se extingue la llama de tu vida, con los cuernos del minotauro perforando tu corazón. "
SAY.Tutorial and First Room.216.,,"After connecting your counterattack, you prepare to launch an arrow into the heart of the beast.","Después de conectar tu contraataque, te preparas para lanzar una flecha al corazón de la bestia. "
SAY.Tutorial and First Room.217.,,"You draw your bow and prepare your arrow, firing at your target. But the minotaur does not seat without giving a fight, manages to catch your arrow with his hands.","Tomas tu arco y preparas tu flecha, apuntando a tu objetivo, pero el minotauro no está dispuesto a morir sin dar pelea, atrapa tu flecha  con sus manos."
SAY.Tutorial and First Room.218.,,"After catching your arrow the minotaur decides to prove to you that you are not the only one you can throw, using his bestial force to tear off a piece of the ground that he uses as a projectile against you.","Después de atrapar tu flecha, el minotauro decide demostrarte que no eres el único que puedes lanzar, usando su fuerza bestial para arrancar un trozo de tierra que usa como proyectil contra ti. "
SAY.Tutorial and First Room.219.,,"Dodge the rock agile, but the minotaur is launched against you with a fierce leap into the air, falls with fury hitting the ground hard.","Esquivas la roca ágil, pero el minotauro se lanza contra ti con un salto feroz en el aire, cae con furia golpeando el suelo con fuerza. "
SAY.Tutorial and First Room.220.,,"You turn quickly to avoid being crushed by the minotaur, the battle becomes tense, the minotaur launches at you again and again, but your agility allows you to escape from it.","Te giras rápidamente para evitar ser aplastado por el minotauro, la batalla se vuelve tensa, el minotauro se lanza una y otra vez, pero tu agilidad te permite escapar de él."
SAY.Tutorial and First Room.221.,,"
Finally you stay between the sword and the wall, because without realizing it you have edged. The minotaur rushes furiously against you, but once again you show off your skill.","Finalmente te quedas entre la espada y la pared, porque sin darte cuenta te has encerrado. El minotauro se lanza furioso contra ti, pero una vez más demuestras tu habilidad. "
SAY.Tutorial and First Room.222.,,"
Dodge the blow and leave the minotaur stuck against the wall, while the beast struggles to get out you prepare your bow, finally the minotaur pulls his horns from the wall to turn finding a fate worse, your arrow pierces his heart giving you victory.","Esquivas el golpe y dejas al minotauro pegado a la pared, mientras la bestia lucha por salir, prepara tu arco y finalmente, el minotauro saca sus cuernos de la pared para encontrar un destino peor, tu flecha perfora su corazón y te da la victoria. "
SAY.Tutorial and First Room.226.,,"Prepare your bow and arrow to kill the beast, shoot but the minotaur manages to dodge the arrow resiviendola in the left forearm.","Preparas tu arco y flecha para matar a la bestia, disparas pero el minotauro logra esquivar la flecha recibiendola en el antebrazo izquierdo. "
SAY.Tutorial and First Room.227.,,"The beast withdrew the arrow from the forearm, broke it off by squeezing it very hard, I look at you with fury and I kneel down taking huge rocks from the ground that bind with force against you.","La bestia retiró la flecha del antebrazo, la rompió apretándola muy fuerte, te miro con furia y me arrodillo sacando enormes rocas del suelo que se unen con fuerza contra ti."
SAY.Tutorial and First Room.228.,,"
Dodge the rocks, but the minotaur is not over, with fury roars and prepares to take the floor hard, taking a huge fragment of the ground that throws you.","Esquivas las rocas, pero el minotauro no ha terminado, con furia ruge y se prepara para tomar el piso con fuerza, tomando un enorme fragmento de tierra que te arroja. "
SAY.Tutorial and First Room.229.,,"Seeing the tremendous rock fly like that, you decide to use special arrows, these arrows are able to destroy an obstacle of this size, after the explosion, a cloud of dust and debris emerges with presipitation.","Al ver el inmenso tamaño de la roca, decides utilizar flechas especiales, estas flechas son capaces de destruir un obstáculo de este tamaño; después de la explosión, una nube de polvo y escombros emerge con precipitación."
SAY.Tutorial and First Room.230.,,"From that cloud of debris arises the claw of the minotaur that holds your neck, looking at you with fury the minotaur tightens hard destroying you in a second.","De esa nube de escombros surge la garra del minotauro que sostiene tu cuello, mirándote con furia, el minotauro aprieta tu garganta y te destruye en un segundo. "
SAY.Tutorial and First Room.235.,,"The beast approaches you quickly, to prevent it from reaching you use a spell that turns the floor into quicksand, trapping the minotaur.","La bestia se acerca a ti rápidamente, para evitar que te alcance, utilizas un hechizo que convierte el suelo en arenas movedizas, atrapando al minotauro. "
SAY.Tutorial and First Room.236.,,"
The minotaur is stopped but it is still a threat, you begin to use your power to transform the sand into powerful acid.
\nSay, 
The minotaur is so deeply buried that he does not have time to leave the sand once it is transformed, dying consumed by the acid.","El minotauro se ha detenido, pero sigue siendo una amenaza, empiezas a usar tu poder para transformar la arena en un ácido poderoso. \nEl minotauro está tan profundamente enterrado que no tiene tiempo para abandonar la arena una vez que se transforma, muriendo consumido por el ácido."
SAY.Tutorial and First Room.239.,,"
Using your powerful magic, cast a spell with which you intend to kill the minotaur, the minotaur manages to react so he dodges the impact, this leaves a huge crater on the ground.","Usando tu poderosa magia, lanzas un hechizo con el que intentas matar al minotauro, el minotauro logra reaccionar y esquiva el impacto, dejando un enorme cráter en el suelo. "
SAY.Tutorial and First Room.240.,,"
The minotaur rushes to capture you, taking you by the arm and the leg lifts you over his head.","El minotauro se apresura a capturarte, tomándote del brazo y la pierna te levanta sobre su cabeza. "
SAY.Tutorial and First Room.241.,,Preparing to launch you into the crater you just created with your spell.,Preparándote para lanzarte al cráter que acabas de crear con tu hechizo. 
SAY.Tutorial and First Room.242.,,"The minotaur throws you into the void, ending your life and your adventure in the dungeon.","El minotauro te arroja al vacío, terminando tu vida y tu aventura en el calabozo. "
SAY.Tutorial and First Room.247.,,"You run towards the minotaur, eager to claim your first victory in the dungeon.","Corres hacia el minotauro, ansioso por reclamar tu primera victoria en el calabozo. "
SAY.Tutorial and First Room.248.,,"But you are very impulsive, the minotaur reacts by sending you flying through the air with a goring, when you fall you break your neck among other things.","Pero eres muy impulsivo, el minotauro reacciona enviándote a volar por el aire con una cornada, cuando caes te rompes el cuello entre otras cosas."
SAY.Tutorial and First Room.249.,,The dungeon cries out to another intrepid but reckless adventurer.,La mazmorra clama a otro intrépido pero temerario aventurero. 
SAY.Tutorial and First Room.252.,,"Now that you have finished with the minotaur, you can continue advancing, after a few minutes of walking, an incriminated one appears before you, choose:","Ahora que has terminado con el minotauro, puedes continuar avanzando, después de unos minutos de caminata, aparece uno incriminado delante de ti, elige:"
MENU.Tutorial and First Room.253,,Left,Izquierda
MENU.Tutorial and First Room.254,,Right,Derecha
SAY.Tutorial and First Room.256.,,,
You try to flee taking advantage of the hard blow you hit the minotaur.,,,
SAY.Tutorial and First Room.258.,,The beast is fast but due to the blow and your great agility you manage to escape from the minotaur.,La bestia es rápida pero debido al golpe y tu gran agilidad logras escapar del minotauro. 
SAY.Tutorial and First Room.259.,,"Now run to escape the minotaur, reaching a division on the way, you must choose your next move:","Ahora corres para escapar del minotauro, pero en el camino te encuentras con una separación, elige. "
MENU.Tutorial and First Room.260,,Left,Izquierda
MENU.Tutorial and First Room.261,,Right,Derecha
SAY.Tutorial and First Room.263.,,"You seek to elude the beast with your great ability, unfortunately your ability is not as great as the beast.","Tratas de eludir a la bestia con tu gran habilidad, lamentablemente tu habilidad no es tan grande como la de la bestia. "
SAY.Tutorial and First Room.269.,,say ,
You summon a powerful thunder that rushes against the minotaur like a spear piercing its flesh and leaving it dead at your feet.,,,
SAY.Tutorial and First Room.273.,,You summon a powerful thunder that rushes against the minotaur like a spear piercing its flesh and leaving it dead at your feet.,"Tu generas un poderoso trueno que que se abalanza contra el minotauro como una penetrante lanza, que atraviesa al minotauro desplomándose frente a ti,el cadáver de la bestia."
SAY.Tutorial and First Room.277.,,"
Using your magic you create a flare around your right arm, giving a powerful blow against the floor, you throw the flare through the ground that when hitting the minotaur, causes an explosion that calzinates the beast.","Usando tu magia creas una llamarada alrededor de tu brazo derecho, dando un poderoso impacto contra el suelo creas una fisura por la que viaja la llamarada golpeando al minotauro, ocasionando una explosión que calcina a la bestia."
SAY.Tutorial and First Room.281.,,"You try to throw the minotaur with a strong blizzard but unfortunately the beast is very strong approaching the ground with its powerful claws, you can not make it back, finally your worn body can not stand and you are collapsing on the ground, while the strong breeze of your spell Take your last breath with you.","Tratas de vencer al minotauro con una poderosa ventisca helada pero el minotauro es muy fuerte, resiste la helada y con sus poderosas garras se sujeta al suelo avanzando lentamente, persiste en en tu intento pero no logras detenerlo y mientras más se acerca, tu cansado cuerpo colapsa. Con el último soplo de briza helada escapa también el último aliento de tu alma. "
SAY.Tutorial and First Room.284.,,"The battle was nearing its end, so you place your hands in front of you pointing to the beast, the minotaur prepares to launch himself against you with a final attack.","La batalla casi se acerca a su final, colocas tus manos frente a ti mientras señalas a la bestia. Esta se prepara para lanzarse contra ti en un último ataque. "
SAY.Tutorial and First Room.285.,,"The minotaur pounces on you with fury, you wait for the moment and summon a powerful torrent of water that emerges from the palm of your hand to the beast, the attack contains for a moment the beast but then it continues to advance.","El minotauro se lanza con furia sobre ti, esperas el momento perfecto para  generar un torrente de agua que emerge desde la palma de tu mano hacia la bestia, ese ataque contiene ligeramente a la bestia pero sigue avanzando. "
SAY.Tutorial and First Room.286.,,"The minotaur continues his march against you, in that moment you make a gesture with your hand raising the index upwards. Then the water that remains in the ground emerges as a torrent of ice that perforates the minotaur leaving it inert on you.","Continuando su marcha hacia ti el minotauro se acerca hacia ti, cuando esta próximo a alcanzarte levantas tus indices haciendo que toda el agua alrededor del minotauro se alce en forma de puás que atraviesan al minotauro. "
SAY.Tutorial and First Room.288.,,"Now that you have finished with the minotaur, you can continue advancing, after a few minutes of walking, an incriminated one appears before you, choose:","Ahora que has acabado con el minotauro puedes proceder con tu viaje, tras unos momentos caminando encuentras frente a ti una división, Elige: "
SAY.Tutorial and First Room.291.,,"
You cast your spells but your magic power is not enough to harm the beast, so without flinching it attacks you, ending your life.","Invocas tus hechizos para vencer a la bestia, pero tu poder mágico no es suficiente para vencerla. Sin vacilar el minotauro te ataca y acaba con tu vida. "
SAY.Tutorial and First Room.298.,,"You run from the dead, but the beast is behind you.","Tu corres  por tu vida, pero el minotauro está detrás de ti. "
SAY.Tutorial and First Room.299.,,,
Forward on the road a separation is coming.,,,
SAY.Tutorial and First Room.302.,,"You try escape but the beast is so fast.\n
With a furious attack the minotaur hits you, crossing you and ending your adventure in the dungeon.","Tratas de escapar pero la bestia es muy rápida, \n con un furioso ataque el minotauro te golpea, atravesándote  y poniendo fin a tu en el calabozo. "
SAY.Tutorial and First Room.306.,,"You're running trying to run away from the minotaur, so you must choose to save yourself, choose:","Estás corriendo intentando escapar del minotauro, por lo que debes elegir salvarte, elige: "
MENU.Tutorial and First Room.307,,Left,Izquierda
MENU.Tutorial and First Room.308,,Right,Derecha
SAY.Tutorial and First Room.312.,,"You Shoot a powerfull spell and stun the minotauro, but is still alive, Choose:","Lanzas un poderoso hechizo que deja aturdido al minotauro. Pero aun no has terminado tu labor, elige: "
MENU.Tutorial and First Room.313,,Attack Again,Volver Atacar
MENU.Tutorial and First Room.314,,Run,Correr
SAY.Tutorial and First Room.316.,,Your attack don`t do any damage and now the minotaur attack you.,"Tu ataque no surte ningún efecto, y ahora el minotauro te ataca. "
SAY.Tutorial and First Room.317.,,"You was hurt, losing 25 points of life.","Fuiste herido, perdiste 25 puntos de vida. "
WRITE.Tutorial and First Room.319,,{$Life},{$Life}
SAY.Tutorial and First Room.320.,,You have to do something quickly or you gonna die.,
\nChoose:,,,
MENU.Tutorial and First Room.321,,Attack Again,Volver Atacar
MENU.Tutorial and First Room.322,,Run,Correr
SAY.Tutorial and First Room.326.,,You summon a powerful thunder that rushes against the minotaur like a spear piercing its flesh and leaving it dead at your feet.,"Tu generas un poderoso trueno que que se abalanza contra el minotauro como una penetrante lanza, que atraviesa al minotauro desplomándose frente a ti,el cadáver de la bestia."
SAY.Tutorial and First Room.330.,,"
You hit the floor of the dungeon with a powerful blow, managing to create a crack that opens under the feet of the minotaur, swallowing it and plunging your enemy into deep terror.","Azotas el piso de la mazmorra con un poderoso golpe, logrando crear una grieta que se abre bajo los pies del minotauro, tragándolo y hundiendo a tu enemigo en un terror profundo. "
SAY.Tutorial and First Room.334.,,"

Using your magic you create a flare around your right arm, giving a powerful blow against the floor, you throw the flare through the ground that when hitting the minotaur, causes an explosion that calzinates the beast.","Usando tu magia, creas una llamarada alrededor de tu brazo derecho, dando un poderoso golpe contra el piso, lanzas la llamarada a través del suelo que al golpear al minotauro, causando una explosión que calcina a la bestia. "
SAY.Tutorial and First Room.338.,,"
You try to throw the minotaur with a strong blizzard but unfortunately the beast is very strong approaching the ground with its powerful claws, you can not make it back, finally your worn body can not stand and you are collapsing on the ground, while the strong breeze of your spell Take your last breath with you.","Intentas lanzar al minotauro con una fuerte ventisca, pero desafortunadamente la bestia es muy fuerte, esta se aferra al suelo con sus poderosas garras, no logras hacerla retroceder, tu cuerpo desgastado no puede mantenerse en pie y colapsas en el suelo, mientras la brisa de tu hechizo sopla llevandose tu último aliento consigo. "
SAY.Tutorial and First Room.341.,,"The battle was nearing its end, so you place your hands in front of you pointing to the beast, the minotaur prepares to launch himself against you with a final attack.","La batalla estaba llegando a su fin, colocando tus manos frente a ti apuntando a la bestia, el minotauro se prepara para lanzarse contra ti con un ataque final. "
SAY.Tutorial and First Room.342.,,"The minotaur pounces on you with fury, you wait for the moment and summon a powerful torrent of water that emerges from the palm of your hand to the beast, the attack contains for a moment the beast but then it continues to advance.","El minotauro se abalanza sobre ti con furia, esperas el momento y convocas un poderoso torrente de agua que emerge de la palma de tu mano a la bestia, el ataque contiene por un momento a la bestia, pero luego continúa avanzando. "
SAY.Tutorial and First Room.343.,,"The minotaur continues his march against you, in that moment you make a gesture with your hand raising the index upwards. Then the water that remains in the ground emerges as a torrent of ice that perforates the minotaur leaving it inert on you.","El minotauro continúa su marcha contra ti, en ese momento haces un gesto con la mano elevando el índice hacia arriba. Luego, el agua que permanece en el suelo emerge como un torrente de hielo que perfora el corazón del minotauro dejando su cadáver inerte ante ti. "
SAY.Tutorial and First Room.345.,,"Now that you have finished with the minotaur, you can continue advancing, after a few minutes of walking, an incriminated one appears before you, choose:","Ahora que has terminado con el minotauro, puedes continuar avanzando, después de unos minutos de caminata, aparece una separación del camino delante de ti, elige: "
SAY.Tutorial and First Room.348.,,"You cast your spells but your magic power is not enough to harm the beast, so without flinching it attacks you, ending your life.","Lanzas tus hechizos pero tu poder mágico no es suficiente para dañar a la bestia, así que sin inmutarte, te ataca y termina con tu vida. "
SAY.Tutorial and First Room.354.,,"You try to scape from the beast, but the beast is so fast.",Tratas de escapar de la bestia pero es muy rápida. 
SAY.Tutorial and First Room.356.,,"The beast rushes to reach you, but with a series of skilled movements you manage to elude it.",El minotauro acelera su marcha para alcanzarte pero con una serie de hábiles movimientos logras evadirlo. 
SAY.Tutorial and First Room.357.,,"You run quickly to escape the beast, but you find a separation that leads to two paths.","Corres con rapidez para escapar de la bestia, pero encuentras una separación más adelante en el camino. "
MENU.Tutorial and First Room.358,,Left,Derecha
MENU.Tutorial and First Room.359,,Right,Izquierda
SAY.Tutorial and First Room.361.,,"
The minotaur rages on you, eludes the first attack, and hastens to run to the exit, but the beast is skillful, takes a rock from the ground that throws strong and furiously against you.","El minotauro carga contra ti, eludes el primer ataque y buscas llegar a la salida, pero la bestia es hábil Toma una roca del suelo y la lanza con furia contra ti. "
SAY.Tutorial and First Room.362.,,"The rock travels at a tremendous speed, colliding with your head, splitting your spirit and your skull in half.","La roca viaja a tremenda velocidad, golpeando tu cabeza, partiendo tu espíritu y tu cráneo."
SAY.Tutorial and First Room.367.,,"You stop the bull by the horns, literally. The minotaur lashed out furiously but managed to stop him despite his incredible strength.
\n","Detienes al toro por los cuernos, literalmente. El minotauro arremetió con furia pero lograste detenerlo a pesar de su increíble fuerza. "
SAY.Tutorial and First Room.368.,,"But you still can not sing victory, the minotaur is to close and still has two hands free.","Pero todavía no puedes cantar victoria, el minotauro está a centímetros y aún tiene dos manos libres. "
SAY.Tutorial and First Room.369.,,Raise his powerful hands to try to hit you a brutal strike to the sides.,Levanta sus poderosas manos para intentar asestar un golpe brutal a los costados. 
SAY.Tutorial and First Room.370.,,You have to choose what to do now:,Tienes que decidir qué hacer: 
MENU.Tutorial and First Room.371,,Throw the minotaur,Lanzar al minotauro
MENU.Tutorial and First Room.372,,Head to the minotaur,Cabezazo al minotauro
SAY.Tutorial and First Room.374.,,"You are strong,\nbut not so much.",Tu eres fuerte. \n Pero no tan fuerte. 
SAY.Tutorial and First Room.375.,,"The minotaur mortally wounds you, the dungeon has claimed another victim to your list, good luck for the next one.","El minotauro te hiere de muerte, el calabozo clama otra víctima a su lista, buena suerte la próxima vez. "
SAY.Tutorial and First Room.379.,,"Your headbutt is not very effective, you hurt more you than the minotaur.","Tu cabezazo no es muy efectivo, te lastimas mas a ti que al minotauro. "
SAY.Tutorial and First Room.380.,,"
What you did is make him more angry, the minotaur takes advantage of your mistake to exchange papers.","Lo que hiciste es enfadarlo más, el minotauro aprovecha tu error para intercambiar papeles. "
SAY.Tutorial and First Room.381.,,"Take your head between his claws, like a watermelon your head explote for the presure of the beast.","Toma tu cabeza entre sus garras, como una sandía, tu cabeza explota por la presión de la bestia. "
SAY.Tutorial and First Room.384.,,"You let yourself fall back dragging the minotaur, using your leg as a lever you manage to catapult it by throwing it through the air.","Te dejas caer hacia atrás arrastrando al minotauro, usando tu pierna como palanca logras catapultarlo  por los aires."
SAY.Tutorial and First Room.385.,,"The minotaur is launched by your maneuver, 
now that you have managed to get rid of the minotaur you must decide.","El minotauro sale lanzado por tu maniobra,ahora que has logrado quitarte de encima al minotauro debes decidir."
MENU.Tutorial and First Room.386,,Attack,Ataque
MENU.Tutorial and First Room.387,,Use spell to escape,Derecha
SAY.Tutorial and First Room.391.,,You have decided to attack the beast.,Haz decidido atacar a la bestia. 
SAY.Tutorial and First Room.393.,,,
You draw your swords and you throw yourself against the beast.,,,
SAY.Tutorial and First Room.395.,,"
You run to attack the minotaur, jump to execute a strong thrust at the minotaur with your swords.","Corres a atacar al minotauro, saltas para ejecutar una fuerte estocada al minotauro con tus espadas."
SAY.Tutorial and First Room.396.,,The minotaur stopped your attack with his claws.,El minotauro detuvo tu ataque con sus garras.
SAY.Tutorial and First Room.397.,,,
After stopping your attack the minotaur takes impulse and throws you fiercely against the wall of the dungeon.,,,
WRITE.Tutorial and First Room.477,,{$life},
SAY.Tutorial and First Room.489.,,"
The impact shakes you, you take your swords and you throw yourself again against the minotaur, but this time you throw one of the swords at the minotaur.","El impacto te sacude, tomas tus espadas y te lanzas otra vez contra el minotauro, pero esta vez lanzas una de las espadas al minotauro."
SAY.Tutorial and First Room.490.,,"
You slide to try to pass between the legs of the minotaur, but this takes you from the neck to the ground, while the sword falls","Te deslizas para intentar pasar entre las piernas del minotauro, pero este te toma del cuello contra el suelo, mientras la espada cae."
SAY.Tutorial and First Room.491.,,"
The minotaur turns to see the other sword fall, take advantage of the distraction to nail your other sword in his throat, the beast rises after receiving the attack.","El minotauro gira al ver la otra espada caer, aprovechas la distraccion para clavar tu otra espada  en su garganta, la bestia se levanta tras recibir el ataque."
SAY.Tutorial and First Room.492.,,"
Take your hands to the neck trying to cover the wound while your other sword falls, you take it in the air and with it you give the last blow to the minotaur's forehead.","Lleva sus manos al cuello intentando tapar la herida mientras tu otra espada cae, la tomas en el aire y con ella das el ultimo golpe en la frente del minotauro."
SAY.Tutorial and First Room.494.,,"
You take your hammer to attack the minotaur, start spinning it in a dizzy way, the minotaur does not intimidate and tries to attack you.","Tomas tu martillo para atacar al minotauro, comienzas a girarlo de manera vertiginosa, el minotauro no se intimida e intenta atacarte."
SAY.Tutorial and First Room.495.,,,
At the last moment you change the trajectory of the turn and you are looking to connect the minotaur with a vertical turn.,,,En el último momento cambias la trayectoria del giro y buscas conectar al minotauro con un giro vertical.
SAY.Tutorial and First Room.496.,,"
You connect the beast with your blow, tearing off its jaw and leaving its inert body suspended in the air for a moment before falling.","Conectas a la bestia con tu golpe, arrancandole la mandibula y dejando su cuerpo inerte suspendido en el aire durante unos instantes antes de caer."
SAY.Tutorial and First Room.498.,,"
You turn quickly and manage to shoot several arrows straight at the thick skin of the beast, but you can not hurt it enough.","Giras rápidamente y logras lanzar varias flechas directo a la gruesa piel de la bestia, pero no logras lastimarlo lo suficiente."
SAY.Tutorial and First Room.499.,,"
The minotaur does not flinch, now runs to hit you, you manage to evade the first attacks but you start to run out of space.","El minotauro ni se inmuta, ahora corre a golpearte, logras evadir los primeros ataques pero empiezas a quedarte sin espacio."
SAY.Tutorial and First Room.500.,,,
Finally this catches you in his arms and begins to squeeze you with strength.,,,Finalmente este te atrapa entre sus brazos y comienza a apretarte con fuerzas.
SAY.Tutorial and First Room.501.,,"
You feel your bones creak as if you were about to break, desperate you take an arrow and nail it in the eyes of the beast.","Sientes como tus huesos crujen como si estuviera a punto de quebrarse, desesperado tomas  una flecha y la clavas en los ojos de la bestia."
SAY.Tutorial and First Room.502.,,"
The beast roars with pain and lets go, now take the opportunity to take distance, while the minotaur rejoins, panting heavily.","La bestia ruge de dolor y te suelta, ahora aprovechas para tomar distancia, mientras el minotauro se reincorpora, jadea fuertemente."
SAY.Tutorial and First Room.503.,,"
Tie a rope to a special arrow, the material that is made is much more resistant, you are ready to attack the minotaur.","Atas una cuerda a una flecha especial,el material con el que esta hecha es mucho mas resistente, te dispones a atacar al minotauro."
SAY.Tutorial and First Room.504.,,"
Now you move to the blind side of the minotaur, the spear blow to the air which you evade, but take advantage to catch the hand in the rope, when you fall you shoot the arrow to the roof of the dungeon.","Ahora te mueves hacia el lado ciego del minotauro, el lanza golpe al aire el cual evades, pero aprovechas para atrapar la mano en la soga, al caer disparas la flecha al techo del calabozo."
SAY.Tutorial and First Room.505.,,"
The minotaur tries to go after you, but is stopped by a pull by the rope, to realize that is neglected, take the time to tie another rope and throw it.","El minotauro trata de ir tras de ti, pero es detenido de un tiron por la soga, al percatarse de eso se descuida, aprovechas el momento para atar otra soga y lanzarsela."
SAY.Tutorial and First Room.506.,,"
Your arrow goes straight to your head, however it realizes and manages to block it with your free arm, now you use the free end of the rope to tie another rope that you shoot to the ceiling.","Tu flecha va directo a su cabeza, sin embargo este se da cuenta y logra bloquearla con su brazo libre, ahora usas el extremo libre de la cuerda para atar otra soga que disparas al techo."
SAY.Tutorial and First Room.507.,,"
The arrow hits the target, now the minotaur can not use his arms, you start running around him while he tries desperately to reach you, ending up rolled and exposed.","La flecha da en el blanco, ahora el minotauro no puede usar sus brazos, comienzas a correr alrededor de el mientras este intenta desesperadamente alcanzarte, terminando enrollado y expuesto."
SAY.Tutorial and First Room.508.,,"
The minotaur is exposed, take the last arrow you have left, aim and shoot directly in the minotaur's forehead, ending his life.","El minotauro queda expuesto, sacas la ultima flecha que te queda, apuntas y disparas directo en la frente del minotauro, dando fin a su vida."
SAY.Tutorial and First Room.510.,,"
You take your shield and ax to throw everything against the minotaur, the minotaur uses his powerful antlers to stop you.","Tomas tu escudo y hacha para lanzarte con todo contra el minotauro, el minotauro usa su poderosa cornamenta para detenerte."
SAY.Tutorial and First Room.511.,,"
The minotaur puts his horns in front and manages to penetrate your shield with this, but his horns are stuck in the shield.","El minotauro pone su cornamente de frente y logra penetrar tu escudo con esta, pero sus cuernos quedan atorados en el escudo."
SAY.Tutorial and First Room.512.,,"
Quickly you use your ax to cut one of the minotaur's horns, each blow annoys the beast that moves wildly to escape.","Rapidamente usas tu hacha para cortar uno de los cuernos del minotauro, cada golpe hace enojar a la bestia que se mueve salvajemente para escapar."
SAY.Tutorial and First Room.513.,,"
Until the horn is broken, then the minotaur roars heartbreaking, furious begins to raise his head while shaking it vertiginously.","Hasta que el cuerno se rompe, entonces el minotauro lanza un rugido desgarrador, furioso comienza a elevear su cabeza mientras la sacude vertiginosamente."
SAY.Tutorial and First Room.514.,,"
It shakes you so hard that you let go of the shield and fall flat on the ground, dropping your ax in the process.","Te sacude con tanta fuerza que sueltas el escudo y caes aparatosamente contra el suelo, soltando tu hacha en el proceso."
SAY.Tutorial and First Room.515.,,"
The minotaur finally manages to get rid of the shield of the antlers, full of rage attacks against you, without wasting time you look around and once the horn of the beast on the ground, you take it and just when the minotaur hits.....","El minotauro finalmente logra zafarse el escudo de la cornamenta, lleno de rabia arremete contra ti, sin perder tiempo miras a tu alrededor y vez el cuerno de la bestia en el suelo, lo tomas y justo cuando el minotauro de embiste......"
SAY.Tutorial and First Room.516.,,"
You manage to evade the death blow of the horn, although you are not unharmed, you manage to get out alive, unlike the minotaur who lies with his own horn piercing his heart.","Logras evadir el golpe mortal del cuerno, aunque no sales ileso, logras salir con vida a diferencia del minotauro que yace con su propio cuerno atravesando su corazon."
WRITE.Tutorial and First Room.518,,{$life},{$life}
SAY.Tutorial and First Room.520.,,"
Look at the minotaur, the eyes of the eyes of fury and rage, the monster of the hand and the blow with the right arm which you avoid 
\ncrouching you.","Mirar al minotauro, los ojos de los ojos de la furia y la rabia, el monstruo de la mano y el golpe con el brazo derecho el cual esquivas agachandote."
SAY.Tutorial and First Room.521.,,"
The monster turns and with its left elbow a strong blow connects you, which throws you strongly with the ground.","El monstruo gira y con su codo izquierdo te conecta un fuerte golpe, el cual te arroja fuertemente con el suelo."
WRITE.Tutorial and First Room.523,,{$life},{$life}
SAY.Tutorial and First Room.524.,,"
The minotaur is thrown at you, so you release the power of your magical vaculo and with the minotaur enclosures in a triangular crystal.","El minotauro se lanza sobre ti, asi que liberas el poder de tu vaculo magico y con el encierras al minotauro en un cristal con forma triangular."
SAY.Tutorial and First Room.527.,,"
The minotaur gets up and prepares to finish you, you try to use your weapons to stop him but the beast is too strong for him to be stopped.","El minotauro se incorpora y se dispone a acabarte, tratas de usar tus armas para detenerlo pero la bestia es muy fuerte para que la ser detenida."
SAY.Tutorial and First Room.528.,,"
Quickly the minotaur pierces your chest with its horns, the dungeon claims another life.","Velozmente el minotauro atraviesa tu pecho con sus cuernos, el calabozo clama otra vida."
SAY.Tutorial and First Room.402.,,"You invoke the power of thunder, your eyes shine as they emerge from these energy trails.","invocas al poder del trueno, tus ojos brillan mientras emergen de estos unas estelas de energia."
SAY.Tutorial and First Room.403.,,"While your weapon is bathed with this energy loads against the beast, while advancing each step increases your strength and determination.","Mientras tu arma se baña con esta energia cargas contra la bestia, mientras avanzas cada paso aumenta tu fuerza y determinacion. "
SAY.Tutorial and First Room.404.,,"
The minotaur and you advance frantically, when they are about to collapse, your power produces a blinding light and .....","El minotauro y tu avanzan frenéticamente, cuando estan apunto de colosionar, tu poder produce una enceguecedora luz y....."
SAY.Tutorial and First Room.406.,,"
From the glow emerge both bodies in motion each is on the opposite side to which they were, for a moment they remain immobile, until body is defeated and you put one knee on the ground.","Del resplandor emergen ambos  cuerpos en movimiento cada uno queda del lado opuesto al que estaban, durante unos instantes se quedan imoviles, hasta que cuerpo se vence  y pones una rodilla en tierra."
SAY.Tutorial and First Room.407.,,"
The rest of your body does not take long to yield, you release your swords while your other knee prostrates on the floor like your palms. ","El resto de tu cuerpo no tarda en ceder, sueltas tus espadas mientras tu otra rodilla se postra en el piso al igual que tus palmas."
WRITE.Tutorial and First Room.438,,{$Life},{$Life}
SAY.Tutorial and First Room.408.,,"
You take one of your hands to the side of your body, a liquid substance is present instantly, you look at your reddish hand soaked in your blood.","Llevas una de tus manos al costado de tu cuerpo, una sustancia liquida se hace presente al instante, miras tu mano rojisa empapada en tu sangre."
SAY.Tutorial and First Room.409.,,"
Your hand trembles as you watch it, slowly you return it to the ground, while a small smile escapes in your mouth, accompanied by the following phrase:","Tu mano tiembla mientras la observas, lentamente la devuelves al suelo, mientras una pequeña sonrisa se escapa en tu boca, acompañada de la siguiente frase:"
SAY.Tutorial and First Room.418.,,"
At the end of the sentence you turn and look at the minotaur covered in blood, your attack seriously hurt the minotaur.","Al terminar la frase volteas y miras al minotauro cubierto de sangre,tu ataque lastimo seriamente al minotauro."
SAY.Tutorial and First Room.419.,,"
But he does not give up without a fight, using whatever remains of his strength he tries to throw himself on.","Pero este no se rinde sin dar pelea, usando lo que le queda de fuerza intenta lanzarse sobre."
SAY.Tutorial and First Room.420.,,"
The minotaur attacks so you invoke once again the power of thunder, this time you channel it into your hands and hit the ground hard.","El minotauro ataca así que invocas una vez más el poder del trueno, esta vez lo canalizas en tus manos y golpeas con fuerza el suelo."
SAY.Tutorial and First Room.422.,,"
Throwing a powerful thunder that travels through the ground, is so fast that it impacts the minotaur and in seconds is disintegrated by your attack.","Lanzando un poderoso trueno que viaja atravez del suelo, es tan rapido que impacta al minotauro y en segundos es desintegrado por tu ataque."
SAY.Tutorial and First Room.426.,,Using your power over the earth you build a rock armor around your foot and with this you connect a fierce kick.,Usando tu poder sobre la tierra construyes una coraza de roca alrededor de tu pie y con esta conectas una feroz patada.
SAY.Tutorial and First Room.427.,,"
You use this strategy to wear the minotaur, turn and hit with your limbs covered in stone.","Usas esta estrategia para desgastar al minotauro, girar y golpeas con tus extremidades cubiertas en piedra."
SAY.Tutorial and First Room.428.,,"
Your constant attacks suffocate the beast but you can not make it fall, you turn to connect a kick in the minotaur's jaw, but it catches your leg.
\n","Tus constantes ataques sofocan a la bestia pero no logras hacer que caiga, giras para conectar una patada en la quijada del minotauro, pero este atrapa tu pata."
SAY.Tutorial and First Room.429.,,"The minotaur takes you hard, turns, picks you up and lashes you hard against the ground.","El minotauro te toma con fuerza, gira , te levanta y te azota con fuerza contra el suelo."
SAY.Tutorial and First Room.430.,,"
Your blood is released from your mouth after the impact, suddenly come to you from the sky the monstrous figure of the minotaur which jumped to crush you.","Tu sangre sale disparada de tu boca tras el impacto, de repente vez venir hacia ti desde el cielo la monstruosa figura del minotaruo el cual salto para aplastarte."
WRITE.Tutorial and First Room.436,,{$Life},{$Life}
SAY.Tutorial and First Room.431.,,"
Wheels on the ground to escape death, the minotaur lashes the ground with force but does not connect you.","A pesar del fuerte golpe que te llevas, haz logrado completar tu mision, tus ataques hicieron enfurecer al minotauro quien no noto que la trampa que le tendias."
SAY.Tutorial and First Room.432.,,"
In spite of the strong blow that you take, you have managed to complete your mission, your attacks made the minotaur annoy who did not notice the trap that you had.","A pesar del fuerte golpe que tomaste, has logrado completar tu misión, tus ataques hicieron que el minotauro se enojara y no notara la trampa que tenías."
SAY.Tutorial and First Room.433.,,"
The minotaur runs to attack you, when you are close enough you get up and from the place where you were emerging from the ground a rock spear that crosses the minotaur's head.","El minotauro corre a atacarte, cuando esta lo suficientemente cerca te levantas y del lugar donde estabas emerge del suelo una lanza de roca que atravieza la cabeza del minotauro."
SAY.Tutorial and First Room.424.,,"Despite having stopped the minotaur, you know that he is too strong to face him one by one.",A pesar de haber detenido al minotauro sabes que él es demasiado fuerte para enfrentarlo uno a uno.
SAY.Tutorial and First Room.425.,,"
For what you propose another strategy, you throw yourself to attack the minotaur.","Por lo que planteas otra estrategia, te lanzas a atacar al minotauro."
SAY.Tutorial and First Room.439.,,"You invoke the power of fire and create a ring of fire around them, wrapping them both to create their battlefield.","Invocas al poder del fuego y creas un aro de fuego alrededor, envolviendolos a ambos para crear su campo de batalla."
SAY.Tutorial and First Room.440.,,"
The minotaur looked around, the flames surrounding them both and there was no way out of this arena.","El minotauro miro alrededor, las llamas los rodeaban a ambos y no habia manera de salir de esta arena."
SAY.Tutorial and First Room.441.,,"
Seeing no exit the minotaur decides to attack you, throws powerful blows to try to rip your head off, but you are skilled and you manage to evade them.
","Al verse sin salida el minotauro decide atacarte, lanza poderosos golpes para intentar arrancarte la cabeza, pero eres habil y logras evadirlos."
SAY.Tutorial and First Room.442.,,"
You keep dodging the attacks until the fight takes you to be in the middle of a wall and the attacks of the minotaur, even so you avoid the blow, making the minotaur almost fall over the fire.","Sigues esquivando los ataques hasta que la lucha te lleva a estar en medio de un muro y los ataques del minotauro, aun asi evitas el golpe, logrando que el minotauro casi caiga sobre el fuego."
SAY.Tutorial and First Room.443.,,"
The minotaur manages to stop, avoiding falling into the fire, take advantage of the occasion and use your power to make the circle close and the wall rise.","El minotauro logra detenerse, evitando caer al fuego, aprovechas la ocasion y usas tu poder para hacer que el circulo se cierre y la pared se eleve."
SAY.Tutorial and First Room.444.,,"
The minotaur retreats, while the circle continues to close, with the minotaur on his back, you can come and jump.","El minotauro retrocede, mientras el circulo continua cerrandose, con el minotauro de espaldas aprovechas acercarte y saltar. "
SAY.Tutorial and First Room.445.,,"
You hit the minotaur from behind, this one and suddenly a tremendous blow connects you. You take advantage of the east impulse to get out of the circle of fire.","Golpeas al minotauro por atras, este y de manera repentina te conecta un tremendo golpe. Aprovechas el impulso del este para salir del circulo de fuego."
WRITE.Tutorial and First Room.447,,{$life},{$life}
SAY.Tutorial and First Room.448.,,"
While flying outside the burning circle, it closes and consumes the minotaur.","Mientras vuelas fuera del circulo ardiente, este se cierra consumiendo asi al minotauro."
SAY.Tutorial and First Room.450.,,"
The minotaur prepares a powerful onslaught, while approaching furtively you invoke the power of the wind with which you jump high dodging the attack.","El minotauro prepara una embestida poderosa, mientras se acerca furtivamente invocas el poder del viento con el cual saltas alto esquivando el ataque."
SAY.Tutorial and First Room.451.,,"
You use the power of the wind to dive into the minotaur, while falling you generate an immense wind wave which you concentrate like a sword to cut the beast.","Usas el poder del viento para lanzarte en picada contra el minotauro, mientras caes generas una inmensa onda viento la cual concentras como una espada para cortar a la bestia."
SAY.Tutorial and First Room.452.,,,
When falling strongly impact with your wave of wind to the arm of the minotaur which is cut in two by the blow.,,,
SAY.Tutorial and First Room.453.,,"
The minotaur brings his other hand to the affected area, after a few moments he tries to put his claws on you.","El minotauro lleva su otra mano a la zona afecta, luego de unos instantes trata ponerte las garras encima."
SAY.Tutorial and First Room.454.,,"
The minotaur manages to tear you with his attack but the blow is not fatal, repistas to take distance, you know that fighting head-on is not a good idea.","El minotauro logra rasgarte con su ataque pero el golpe no es fatal, repistas para tomar distancia, sabes que pelear de frente no es un buena idea."
WRITE.Tutorial and First Room.456,,{$life},{$life}
SAY.Tutorial and First Room.457.,,"
Using your wind skill, you jump on the minotaur, he seems to chase you with his eyes.","Usando tu habilidad de viento, saltas sobre el minotauro, este parece cazarte con la mirada."
SAY.Tutorial and First Room.458.,,"
As you move through the air he prepares to connect, but out of nowhere you disappear from his sight.","Mientras avanzas en el aire el se prepara para conectarte, pero de la nada desapareces de su vista."
SAY.Tutorial and First Room.459.,,"
The minotaur is surprised, while you take advantage, thanks to your ability of the wind you have been able to move towards the side of the beast.","El minotauro se sorprende, mientras tu aprovechas, gracias a tu habilidad del viento te haz podido mover hacia un costado de la bestia."
SAY.Tutorial and First Room.460.,,"
Now you prepare to attack, but the minotaur realized your intentions and turns to hit you.","Ahora te preparas para atacar, pero el minotauro se dio cuenta de tus intenciones y gira para golpearte."
SAY.Tutorial and First Room.461.,,"
Both are on their way to collide, when they are about to meet you disappear once more.","Ambos estan en camino para la colisionar, cuando estan a punto de encontrarse te desapareces una vez mas."
SAY.Tutorial and First Room.462.,,"
Now you are on top of the minotaur, he manages to react but he does it too late, you manage to land using the same technique in half the body of the minotaur.","Ahora estas arriba del minotauro, este logra reaccionar pero lo hace demasiado tarde, logras aterrizar usando la misma tecnica partes a la mitad el cuerpo del minotauro."
SAY.Tutorial and First Room.464.,,"
The minotaur seeks to attack you, launches for you in a furious and fierce way, you remain paralyzed while the minotaur approaches quickly.
","El minotauro busca atacarte, se lanza a por ti de manera furiosa y feroz, te quedas paralizado mientras el minotauro se acerca rapidamente."
SAY.Tutorial and First Room.465.,,,
The minotaur connects with your body and crosses it from side to side with its horns.,,,
SAY.Tutorial and First Room.466.,,"
It seems that the end is approaching, the minotaur lifts your body and roars in victory.","Pero en el fondo de tu ser se esconde un pequeña mueca, casi una sonrisa. ""Bestia estupida"", sale de tus labios mientras tu cuerpo comenzaba a derretirse."
SAY.Tutorial and First Room.467.,,"
But deep inside you hide a small grimace, almost a smile. ""Stupid beast"", leaves your lips while your body began to melt.","Haz invocado el poder del agua, con el cual has convertido en materia liquida, la cual comienza a resbalar por el cuerpo del minotauro."
SAY.Tutorial and First Room.468.,,"
Invoking the power of water, with which you have become liquid matter, which begins to slip through the body of the minotaur.","Haz invocando el poder del agua, con el que te has convertido en materia líquida, que comienza a deslizarse por la cuerpo del minotauro."
SAY.Tutorial and First Room.469.,,"
The liquid begins to cross the antlers of the monster, it slides down its front crossing its pores, its eyes, ears, mouth, any pipeline it finds in its path.","El liquido comienza a recorrer la cornamenta del monstruo, se desliza por su frente atravezando sus poros, sus ojos, oidos, boca, cualquier ducto que encuentra a su paso."
SAY.Tutorial and First Room.470.,,"
The liquid is introduced into the body of the minotaur, slowly covering his respiratory tract and filling his lungs.","El liquido se introduce en el cuerpo del minotauro, lentamente tapando sus vias respiratorias y llenando sus pulmones."
SAY.Tutorial and First Room.471.,,"
Slowly drown the best until it collapses on the ground, with nothing more to do than the sigh of his last breath.","Lentamente ahogas a la bestia hasta que esta se desploma en el suelo, sin mas nada que hacer mas que el suspiro de su ultimo aliento."
SAY.Tutorial and First Room.484.,,"
You incorporate to face the minotaur, prepare one of your spells to attack the minotaur.","Te incorporas para hacerle frente al minotauro, preparas uno de tus hechizos para atacar al minotauro."
SAY.Tutorial and First Room.486.,,"
The minotaur gets up and prepares to attack, without time to think you cast your spell to the minotaur.","El minotauro se incorpora y se dispone a atacar, sin tiempo para pensar lanzas tu hechizo al minotauro."
SAY.Tutorial and First Room.487.,,"
This manages to connect the beast, but unfortunately the desired effect is not achieved, the minotaur barely flinches at your attack.","Este logra conectar a la bestia, pero lamentablemente no lo logra el efecto deseado, el minotauro apenas se inmuta ante tu ataque."
SAY.Tutorial and First Room.488.,,"
Now it's the minotaur's turn, he roars and launches for you, he hits a powerful blow with his claw crossing your body and ending your trip in the dungeon.","Ahora es turno del minotauro, este ruge y se lanza por ti, asesta un poderoso golpe con su garra atravesando  tu cuerpo y poniendo fin a tu viaje en el calabozo."
SAY.Tutorial and First Room.535.,,,
You have managed to overcome the adversities and once a path in front of you that is divided in two:,,,Haz logrado superar las adversidades y vez un camino frente a ti que se divide en dos:
MENU.Tutorial and First Room.536,,Right,Derecha
MENU.Tutorial and First Room.537,,Left,Izquierda
SAY.Tutorial and First Room.539.,,"
You have chosen to go to the right, you advance in the darkness looking for an exit, when suddenly you come across ...","Haz elegido ir por la derecha, avanzas en la oscuridad buscando una salida, cuando de repente te encuentras con...."
SAY.Tutorial and First Room.543.,,,
Thanks for playing this demo/Gracias por jugar este demo.,,,
SAY.Tutorial and First Room.541.,,"
You have chosen to go to the left, you advance in the darkness looking for an exit, when suddenly you find yourself with ....","Haz elegido ir por la izquierda, avanzas en la oscuridad buscando una salida, cuando de repente te encuentras con...."
SAY.Tutorial and First Room.542.,,,
Thanks for playing this demo/Gracias por jugar este demo.,,,
SAY._CommandCopyBuffer.542.,,,
Thanks for playing this demo/Gracias por jugar este demo.,,,
You try to flee taking advantage of the hard blow you hit the minotaur.,,,
You summon a powerful thunder that rushes against the minotaur like a spear piercing its flesh and leaving it dead at your feet.,,,
Forward on the road a separation is coming.,,,"Frente al camino, aparece una separación "
\nChoose:,,,Elige: 
You draw your swords and you throw yourself against the beast.,,,Desenvainas tus espadas y te lanzas contra la bestia. 
After stopping your attack the minotaur takes impulse and throws you fiercely against the wall of the dungeon.,,,Después de detener tu ataque el minotauro toma impulso y te arroja ferozmente contra el muro del calabozo.
When falling strongly impact with your wave of wind to the arm of the minotaur which is cut in two by the blow.,,,Al caer impactas fuertemente con tu onda de viento al brazo del minotauro el cual es cortado en dos por el golpe.
The minotaur connects with your body and crosses it from side to side with its horns.,,,El minotauro conecta con tu cuerpo y lo atraviesa de lado a lado con sus cuernos.
The beast is fast but due to the blow and your great agility you manage to escape from the minotaur.,,,
Preparing to launch you into the crater you just created with your spell.,,,
